タイトル,ひらがな表記(検索用),ディスク番号
ターザン　REBORN,ターザン　REBORN,31
ファンタスティック・ビーストと魔法使いの旅,ファンタスティック・ビーストトマホウツカイノタビ,31
プレデターズ,プレデターズ,31
おじゃMAP!!最終回スペシャル,オジャMAP!!サイシュウカイスペシャル,31
Mr.マリック&マギー司朗が厳選 次世代マジシャン神業列伝第6弾,Mr.マリック&マギーシロウガゲンセン ジセダイマジシャンカミワザレツデンダイ6ダン,31
陸王 1~10,リクオウ 1~10,30
3年A組 -今から皆さんは人質です。- 1~10,3ネンAグミ -イマカラミナサンハヒトジチデス。- 1~10,29
健康的で文化的な最低限度の生活 2~10,ケンコウテキデブンカテキナサイテイゲンドノセイカツ 2~10,28
駐在刑事 1~7,チュウザイケイジ 1~7,27
ドロ刑 1~10,ドロケイ 1~10,26
リーガルV ~元弁護士・小鳥遊翔子~ 1~9,リーガルV ~モトベンゴシ・コトリアソショウコ~ 1~9,25
大恋愛~僕を忘れる君~ 1~10,ダイレンアイ~ボクヲワスレルキミ~ 1~10,24
僕らは奇跡でできている 1~10,ボクラハキセキデデキテイル 1~10,23
傷だらけの天使 14~26,キズダラケノテンシ 14~26,22
探偵が早すぎる 1~10,タンテイガハヤスギル 1~10,21
サバイバル・ウェディング 1~10,サバイバル・ウェディング 1~10,20
dele/ディリー,dele/ディリー,19
ドラマBiz:ラストチャンス~再生請負人 2~7　,ドラマBiz:ラストチャンス~再生請負人 2~7　,18
高嶺の花 1~10,タカネノ花 1~10,17
ルパン三世 4~20,ルパンサンセイ 4~20,16
今日から俺は!! 1~10,キョウカラオレハ!! 1~10,15
ルパン三世 4~24,ルパンサンセイ 4~24,14
初めて恋をした日に読む本,ハジメテコイヲシタヒニヨムホン,13
ハケン占い師アタル 1~9,ハケンウラナイシアタル 1~9,12
俺たちの旅 17~32/46,オレタチノタビ 17~32/46,11
俺たちの旅 1~16/46,オレタチノタビ 1~16/46,10
イノセンス冤罪弁護士 1~10,イノセンスエンザイベンゴシ 1~10,9
俺たちの旅 33~46/46,オレタチノタビ 33~46/46,8
後妻業,ゴサイギョウ,1
トレース~科捜研の男~,トレース~カソウケンノオトコ~,2
インフェルノ,インフェルノ,7
カメラを止めるな,カメラヲトメルナ,7
ラ・ラ・ランド,ラ・ラ・ランド,7
ローグ・ワン/スターウォーズ・ストーリー,ローグ・ワン/スターウォーズ・ストーリー,7
メゾン・ド・ポリス 2~10,メゾン・ド・ポリス 2~10,6
家売るオンナの逆襲 1~10,イエウルオンナノギャクシュウ 1~10,5
スキャンダル専門弁護士 1~10,スキャンダルセンモンベンゴシ 1~10,4
グッドワイフ 1~10,グッドワイフ 1~10,3
